Conductivity,Cu,Cu-327nm_predict,Ni-232nm_predict,Zn-214nm_predict,Pb-406nm_predict
3000,0,4973.997741,75.55358631,633.8741881,81.14572201
3000,0,4901.962542,107.231164,757.3417275,57.3241809
3000,0,4818.728282,44.33793406,608.1188705,9.347734503
3000,0,4743.116574,-82.76209659,715.4230078,92.86602907
3000,0,5059.486805,15.30632864,723.4239321,221.1942231
3000,0,4946.112335,-12.16835455,628.9189556,142.5980872
3000,0,4899.374423,-48.77263893,694.69827,101.8659203
3000,0,4807.558302,29.50001732,636.6994592,32.33692544
3000,0,4813.506028,-93.24309225,747.4358575,103.8507002
3000,0,4911.351974,-38.26358302,657.4029309,112.1424646
3000,0,4806.455812,-83.8165059,752.6243443,78.94338399
3000,0,5133.862436,-95.37989615,788.2471476,68.0928032
3000,0,4954.160598,10.67159027,818.1047512,176.9950617
3000,0,4973.863376,-104.2235951,792.9593996,95.40193263
3000,0,4899.740285,44.88849843,811.8663889,144.7846253
3000,0,4732.649699,18.8189456,785.8906223,117.0363352
3000,0,5114.266963,47.38287865,735.5354455,136.1849954
3000,0,5256.955013,71.43042134,709.324148,71.51691495
3000,0,4862.706993,56.92998188,852.934809,73.28662035
3000,0,5075.95747,26.20782868,778.1589534,68.70908393
3000,0,5218.406903,21.05483654,901.9166986,184.0894363
3000,0,4895.543415,-40.43109188,720.1438299,124.5510072
3000,0,5068.637141,-54.28659923,924.7811473,60.85277897
3000,0,5089.67301,52.96158617,696.4981063,186.246851
3000,0,4980.102749,-41.26906653,821.8452291,-4.714493611
3000,0,4902.236956,-64.89609914,722.5138397,115.7827295
3000,0,4807.740992,-83.83372859,812.3950331,146.5510219
3000,0,5143.899924,-20.91417123,750.8250028,54.75081747
3000,0,5064.1978,-46.68644367,797.1470392,141.0835696
3000,0,5227.557185,58.05801945,708.4155508,-0.854176591
3000,5,6098.73171,213.6175108,22058.60252,12742.18401
3000,5,5721.863085,216.5584334,21787.24716,13540.76521
3000,5,5883.892933,126.3590375,21318.85856,12627.74718
3000,5,6175.448912,162.5268529,21178.89974,12986.93088
3000,5,6577.02354,197.5758162,20806.61358,12825.35219
3000,5,5910.731856,219.763667,19974.8423,12960.35229
3000,5,6076.056138,244.5280373,20601.82652,13726.35835
3000,5,6192.299435,218.0220927,20900.22775,13326.94308
3000,5,6301.676698,16.75136236,20969.40985,12947.00408
3000,5,6465.004356,149.0810544,21297.66923,13110.43723
3000,5,5984.973219,177.0804106,21098.91486,13162.27772
3000,5,6201.44954,228.2714114,20591.82827,13223.36585
3000,5,6545.739864,232.7276024,21143.47375,12927.80506
3000,5,6334.05177,194.1690892,20552.79809,12425.88079
3000,5,6319.042102,209.684888,20546.51664,12715.01483
3000,5,6164.578818,207.3546043,20368.10587,12329.39827
3000,5,6458.319146,286.2234429,20346.95421,12611.63566
3000,5,6439.316489,284.3596983,21756.2817,12120.86384
3000,5,6354.343895,264.2007912,20941.07959,11198.85786
3000,5,6089.173918,163.4935237,21152.88504,12270.97477
3000,5,6411.436134,232.5359997,21002.44261,12559.31532
3000,5,6506.757595,59.87330095,21799.88198,12125.93878
3000,5,6703.777725,214.711639,21228.80344,12431.20275
3000,5,5953.901628,129.2306706,21254.09088,12001.00438
3000,5,6500.055958,255.6599993,21423.36917,12085.96972
3000,5,6419.395831,164.4231885,21192.24618,11911.71349
3000,5,5995.682159,150.5101855,21504.57353,11712.55504
3000,5,6144.286173,170.9475583,21775.76557,12088.79289
3000,5,6508.18431,226.0736427,22174.76325,11657.44303
3000,5,6559.736246,217.7309965,22159.8896,11872.82391
3000,10,7651.33998,310.9689209,31771.61245,17817.04481
3000,10,7057.858611,237.365612,32864.67238,17723.95737
3000,10,7737.906794,356.0360959,33702.73839,17943.01221
3000,10,7398.108835,531.3610357,34550.18431,18758.55161
3000,10,7767.848604,276.1196942,33871.5277,17820.70993
3000,10,7744.692258,547.6330958,33575.37464,17499.97416
3000,10,7435.084032,471.072047,33711.34543,16643.78251
3000,10,7847.031673,433.7838044,33208.88914,17139.55416
3000,10,7850.887125,256.409915,33634.61204,16942.91563
3000,10,7862.941665,431.9000119,33434.35338,16387.70283
3000,10,7689.366527,397.8699054,32699.67275,16591.779
3000,10,7788.733316,437.6430783,33595.14224,17311.16397
3000,10,7831.746065,535.8022205,32719.26498,16822.68726
3000,10,7243.386735,351.0903315,32214.17792,15896.47353
3000,10,7655.503881,336.5585137,32152.24567,16640.61871
3000,10,7898.255273,178.8467961,34017.1762,17067.45495
3000,10,7968.042002,526.7198146,33115.94427,15996.59189
3000,10,7392.03194,384.8686665,34871.00732,17290.25064
3000,10,7318.800243,322.5939118,32864.10443,17094.47334
3000,10,7758.392325,271.9745804,33614.24721,16741.39679
3000,10,7588.977581,316.2629434,32911.54601,16269.20036
3000,10,7845.112489,302.4448134,34529.65664,16570.94046
3000,10,7574.659837,546.6306465,33615.54306,16453.58795
3000,10,7510.456941,489.2998075,32936.85329,16168.20516
3000,10,7612.905717,363.8987503,34130.58842,15930.11629
3000,10,7884.142294,448.0473264,32999.8801,15558.72439
3000,10,7708.65071,582.2032221,34286.74397,16786.61897
3000,10,7676.566133,528.6730032,34752.7779,16222.42474
3000,10,7906.458335,401.1043826,33795.05699,16102.76306
3000,10,7774.121743,511.9631376,34043.27952,16020.88649
3000,20,9682.192115,1068.890305,48599.76019,24802.87485
3000,20,10560.78153,1884.903505,48980.2333,24043.58413
3000,20,10733.06612,1688.044863,49329.88363,23825.9473
3000,20,11642.98815,2099.451168,49109.48103,24501.04303
3000,20,11200.91176,1926.312757,49027.66681,23972.26881
3000,20,11354.08061,2161.350809,49022.5887,22927.55825
3000,20,10432.65219,1190.623876,48804.46289,25008.34568
3000,20,10740.93046,1224.066504,48720.51113,23821.67464
3000,20,10753.52198,1624.197681,49030.05388,24415.8435
3000,20,10403.68796,1169.863714,48566.19321,22973.30303
3000,20,10313.52404,1360.942851,48770.74274,23553.51049
3000,20,10970.15665,1831.906474,48879.23175,24822.26295
3000,20,10627.92806,1346.076272,48719.02093,23697.99682
3000,20,10913.61898,1466.441775,48684.9646,24168.62184
3000,20,11230.01669,1396.105675,48717.94413,23970.91837
3000,20,10900.50899,1564.812546,48602.86867,24261.76208
3000,20,10631.94826,1278.905216,48397.56348,23287.16545
3000,20,10664.66386,1803.835387,48323.36182,24275.36456
3000,20,10642.9256,1813.12117,48602.46132,23510.51706
3000,20,10535.3695,1306.08881,48600.75773,23915.4626
3000,20,10835.35885,1912.356221,47683.87017,22427.02142
3000,20,10697.2655,1746.534398,48695.71014,22882.81196
3000,20,10775.53993,1743.120915,48500.3686,23220.9083
3000,20,10489.56647,1731.755061,48453.27856,22285.45516
3000,20,10570.2442,1414.998397,48573.52483,23114.91474
3000,20,10511.77909,1467.584656,48487.69668,23404.18999
3000,20,10747.6961,1622.235474,48532.55491,23292.64412
3000,20,10936.77051,1873.317233,48324.23439,23005.77277
3000,20,10657.30299,2027.598563,48816.13585,22937.77564
3000,20,11575.25072,2071.378361,48595.88693,22467.7907
3500,0,5910.209275,5.594297888,576.5695492,143.3069871
3500,0,6088.035867,-70.62268066,691.7472323,177.7976807
3500,0,6100.795978,-11.94570483,797.0466949,95.75979245
3500,0,5948.087558,-144.2884033,608.0863083,200.9483983
3500,0,5698.634873,-51.34451819,834.2136187,186.8115833
3500,0,6247.930358,45.76137525,782.2484619,111.6433074
3500,0,6072.918066,-70.93646156,862.3241755,117.5726584
3500,0,6072.126745,21.45988769,791.005753,115.7396711
3500,0,6269.930161,-31.91414028,759.927082,76.88128225
3500,0,6215.356174,87.74414119,637.8906842,96.11720184
3500,0,5834.462017,3.412096309,601.6214849,-82.39527818
3500,0,6662.609756,85.76168979,729.5151438,86.82636698
3500,0,5702.364684,-49.99850507,766.4383309,139.9004336
3500,0,5847.070036,-110.3764279,653.6017814,-71.16885676
3500,0,5828.273183,131.5141743,680.30701,158.6056646
3500,0,5896.855051,-71.34531989,645.3419887,102.4913105
3500,0,5971.568778,77.05324593,757.9621582,57.63422371
3500,0,5744.849911,56.67881824,567.2453238,39.16759952
3500,0,6138.251456,-103.2511566,672.5296831,-15.84550435
3500,0,6053.906211,84.08184332,657.8237418,0.03926126
3500,0,6175.479542,30.48839197,724.3826033,59.70771719
3500,0,6117.802682,-77.86695642,713.36389,149.6810179
3500,0,5614.140626,-68.97204476,687.9275729,50.28976168
3500,0,5755.230079,46.79833133,647.4720277,167.5047759
3500,0,5915.568183,76.87508913,840.7246714,91.6743943
3500,0,5887.626239,115.8444512,707.7460726,156.1734831
3500,0,5985.762528,-38.98378169,566.3854256,67.21366402
3500,0,4472.141192,21.25827296,727.30896,53.96944551
3500,0,6100.453295,111.0977931,731.9422434,114.767142
3500,0,5769.83313,6.190153179,757.2978409,195.8054352
3500,5,7713.729956,317.2757656,20844.34794,11789.33147
3500,5,7785.542736,362.3526733,20967.70596,12016.36461
3500,5,7423.915563,322.0613852,19915.46131,11269.69336
3500,5,7668.570454,407.3011165,20282.07045,11478.09811
3500,5,7226.628385,488.9902267,20695.38204,11478.34961
3500,5,6947.965104,300.5612966,19682.14266,10856.46467
3500,5,7186.213655,269.6708908,20749.45425,11658.65496
3500,5,7279.649476,412.6884246,20273.42091,10727.42657
3500,5,7252.101908,327.5666518,20785.42794,12130.86687
3500,5,7600.640303,362.5408433,20729.28595,11301.20253
3500,5,7016.805163,237.944125,20325.31604,11000.83458
3500,5,7147.224499,215.3918505,19408.13657,10642.36276
3500,5,7094.716031,218.9871903,19791.09273,10267.88413
3500,5,7339.778683,523.3079263,20734.38768,11311.52175
3500,5,7083.108171,496.0509984,19558.31869,10560.74232
3500,5,7539.506016,345.1600748,20165.50266,10757.23193
3500,5,7140.192037,330.0891616,21058.48054,11009.28448
3500,5,7152.726502,348.2784875,20406.74142,10566.58942
3500,5,7206.223159,399.4685073,20555.23617,10846.45228
3500,5,7321.136218,338.5645885,20761.98823,11101.53582
3500,5,7516.612774,410.1303578,20699.6162,10926.53086
3500,5,7288.994056,285.3450391,19597.72911,9840.986028
3500,5,7150.826484,327.0340176,19707.85504,10414.08287
3500,5,7169.69079,190.0492077,20657.172,9822.1268
3500,5,7033.152615,219.0500491,20668.99877,10374.76917
3500,5,7326.518691,294.549252,20828.02091,10142.77155
3500,5,7835.787564,146.979916,20225.60214,10480.05382
3500,5,7381.751105,513.7172684,19896.23644,10366.29881
3500,5,7253.693486,288.5767672,19463.98798,10116.76613
3500,5,7452.109209,397.0749912,19768.26279,9720.397268
3500,10,10876.57497,1868.46096,31584.49866,22081.54485
3500,10,11075.44123,2047.141969,30630.21726,21240.39996
3500,10,10865.81751,1589.565741,31169.48098,21384.51519
3500,10,9890.664985,1534.086148,31418.83784,22059.15326
3500,10,9658.474602,1330.159336,31108.97557,21141.43574
3500,10,10308.01582,1824.196935,30232.51574,20278.30801
3500,10,9877.977415,1812.903432,30335.82944,21206.51874
3500,10,9929.070779,1530.364081,31336.54675,20456.22511
3500,10,9649.472978,1582.03089,31530.3849,21115.57499
3500,10,9984.907675,1696.110118,29076.25036,19331.35683
3500,10,10441.99143,1656.236744,30389.40896,19643.31455
3500,10,10331.30552,1853.644453,31603.64558,19434.13681
3500,10,10366.05854,1944.576715,30808.89507,19227.45989
3500,10,9605.84148,1436.561331,31197.39314,19528.3806
3500,10,10473.12831,1708.771608,30673.03623,19791.94318
3500,10,10302.50048,1837.331573,30232.29349,18654.04315
3500,10,10608.21024,1857.001089,30482.79875,18559.74416
3500,10,10009.66378,1547.656426,30389.81326,18786.19421
3500,10,10329.33727,2107.862764,31833.43189,18068.35148
3500,10,10067.03408,1660.518553,30087.83859,18288.45264
3500,10,10471.69513,1697.077288,31077.19025,17862.40535
3500,10,10521.61957,1846.073959,31480.23892,17817.11624
3500,10,10293.11629,1772.565576,31185.07708,17767.08767
3500,10,10302.97342,1853.156063,31583.80689,17415.86345
3500,10,10248.96973,1999.0039,30720.22877,17266.46063
3500,10,10340.58355,1844.081863,31010.76673,17737.65104
3500,10,10558.25843,1745.750657,29332.83586,16752.44453
3500,10,10347.33612,1644.999395,30694.3376,16689.26604
3500,10,11033.64148,1865.959805,30861.12406,16822.35847
3500,10,10487.88641,1968.082114,32390.39954,17922.8425
3500,20,16087.93928,3739.26996,40429.33855,32983.17308
3500,20,17909.76637,4866.892524,41975.96264,32598.75159
3500,20,18186.82833,4879.392323,41088.46556,31979.77858
3500,20,15622.27252,4137.549173,40723.99363,30885.02271
3500,20,16365.54711,3766.649084,41141.46903,30332.77335
3500,20,17460.26791,4663.003606,40885.91145,30297.84189
3500,20,16568.12089,4361.241674,41314.46305,30220.66532
3500,20,18051.60736,4755.0088,40547.80669,28957.99913
3500,20,17695.38741,4714.232783,41840.30691,30206.23425
3500,20,17857.18201,4860.514824,41573.09291,29781.30722
3500,20,18762.31389,5267.647915,43628.86163,29132.409
3500,20,17639.06849,4210.792596,42208.04132,28936.66476
3500,20,19600.6023,5259.909092,41725.08579,28361.6191
3500,20,16928.87126,4200.449613,42759.05954,28258.8759
3500,20,17964.22072,4477.103512,41287.06655,26963.40398
3500,20,17829.66263,4991.428476,43972.63115,28657.51355
3500,20,17542.86064,4521.840342,41905.95078,26960.33683
3500,20,18197.82579,4726.542289,41940.08209,26096.49422
3500,20,17681.01161,4370.381012,39863.76994,26775.94339
3500,20,17254.3087,4349.07006,41879.6479,26361.15505
3500,20,17357.66353,4277.12253,41854.82549,26907.43017
3500,20,18002.63892,4524.907765,42467.40682,26818.15091
3500,20,18211.64148,4764.002304,42271.94386,27082.37684
3500,20,17306.16702,4428.858449,42744.74159,25651.0631
3500,20,18943.22765,5298.240483,41176.96737,25139.5094
3500,20,18954.61204,5315.517553,41964.70364,25213.95105
3500,20,17714.83881,4610.744455,42167.0621,26189.21218
3500,20,18076.31691,4970.798351,42382.99061,25216.15658
3500,20,17297.51152,4578.694361,43381.64552,25573.66859
3500,20,17949.95294,4684.109971,41273.16711,26229.55737
4000,0,6397.829021,251.0912683,2235.078135,928.0482333
4000,0,6055.456006,238.7326995,2663.036614,945.7181934
4000,0,6114.857762,164.1301957,2227.008847,897.9275422
4000,0,6328.843453,227.3358756,2150.336061,796.2301171
4000,0,6182.545792,91.0865524,1988.953926,760.9541747
4000,0,5968.257226,233.4843233,2409.783085,860.8176551
4000,0,5876.111196,160.3355736,2389.785589,828.2753344
4000,0,5970.046413,124.9019491,2059.890559,806.719142
4000,0,6035.066969,260.2573316,2318.160056,726.8787273
4000,0,5523.885334,136.855592,2316.681624,984.9387172
4000,0,5994.768183,-16.99278082,2276.888408,957.7936694
4000,0,6035.06706,205.7146626,2521.338207,1078.945703
4000,0,5887.391369,112.2962964,2421.506273,1101.267006
4000,0,5806.453189,242.000532,2663.440257,973.6871704
4000,0,5731.932022,59.40807652,2863.60613,1085.749212
4000,0,5943.263187,108.1488923,2437.926574,1003.818874
4000,0,5540.665646,161.2966587,2387.905836,953.5552573
4000,0,5740.490849,146.2093165,2482.002071,998.8037297
4000,0,5683.599644,127.7443865,2760.240278,850.4015366
4000,0,5571.484326,185.4302025,2549.491731,1028.552436
4000,0,5656.325434,153.9677661,2498.728569,867.7874573
4000,0,5998.948045,99.06623875,2789.738618,1029.128198
4000,0,5628.627112,5.272455825,2397.186875,904.6523059
4000,0,5831.698419,50.29638614,2408.398631,949.5530096
4000,0,5837.962312,2.919520463,2624.18505,928.967751
4000,0,5752.154087,106.3282959,2648.958265,930.0815004
4000,0,5746.300326,128.0516607,2840.260644,911.8341853
4000,0,5712.165188,31.42481888,2415.116263,925.2275078
4000,0,5899.617969,164.4251482,2766.467474,958.9381521
4000,0,5664.700789,57.21719715,2479.65129,858.3782717
4000,5,8651.546842,868.8263763,22120.7593,12081.03632
4000,5,8358.364071,792.9794047,22808.77587,11703.28076
4000,5,8220.535346,927.7782011,21590.05625,11837.53986
4000,5,7996.302772,960.8605832,22142.39476,12021.86681
4000,5,8114.695578,773.4696198,21277.71668,11888.5978
4000,5,8309.908915,1036.784685,22247.75791,12479.07254
4000,5,8217.375844,954.2978584,21761.41834,12072.13283
4000,5,8291.98248,920.4962788,20969.75639,10780.83645
4000,5,8279.256931,1006.65343,21797.0811,12244.06662
4000,5,8305.348285,859.6653298,20990.13344,10837.51941
4000,5,8178.8603,999.6966309,21329.95512,11749.5712
4000,5,8050.287051,878.2595692,21484.11963,11439.16092
4000,5,8069.686678,946.0064067,22129.57241,10588.93946
4000,5,7853.906136,699.5744481,22812.48341,11185.0818
4000,5,7908.540727,782.582775,21662.19376,11552.70419
4000,5,7622.819353,921.6305323,21624.89999,11278.28506
4000,5,8330.025039,918.277815,21448.93371,11040.87625
4000,5,8141.830458,993.7559309,21508.89619,10816.74311
4000,5,7801.062526,771.7878475,20897.32647,11148.85142
4000,5,7575.848329,1020.896474,20746.65647,10732.0188
4000,5,8296.670469,979.565097,21560.08482,11130.006
4000,5,8260.237187,910.2059718,21475.6803,10656.24641
4000,5,8132.075889,1001.039689,20126.3653,10772.78163
4000,5,8052.60828,898.5409293,21710.76187,10677.27646
4000,5,8365.353157,833.1646848,20696.85541,10968.1532
4000,5,7732.452592,866.9182049,20919.5311,11016.29338
4000,5,8045.06515,921.6849235,21090.91643,10411.59857
4000,5,8120.477662,901.8337516,21468.92113,10390.75979
4000,5,8374.71205,1023.836978,20997.55438,11092.54353
4000,5,8090.647671,1029.802654,21954.95912,10694.00771
4000,10,11826.43502,2005.797136,31326.09962,20830.46141
4000,10,12285.83423,2087.833792,30993.46317,21441.47681
4000,10,11650.8707,1705.92356,31156.52694,21275.91911
4000,10,11307.18061,1856.465633,31659.25547,21402.5142
4000,10,12071.60176,2046.526656,31446.42621,21612.92648
4000,10,11425.15346,2053.782683,29869.15812,19967.42535
4000,10,11267.59017,1991.428921,30505.56122,20407.91143
4000,10,11372.08634,1774.863959,31519.46497,20836.07841
4000,10,11377.29894,1948.521527,32513.27998,21397.82393
4000,10,10912.46286,1940.168275,32053.01821,20126.71684
4000,10,11467.09631,2178.51999,31448.03466,20362.26571
4000,10,11584.8501,2012.526797,32695.61933,20557.24119
4000,10,11561.80385,2023.101572,32113.26358,20187.44175
4000,10,10430.71175,1919.048378,30776.90643,19007.40325
4000,10,11301.04775,2136.528562,31400.75609,18772.65727
4000,10,11463.28181,2179.697851,32037.19554,19874.2658
4000,10,11487.6835,1997.265526,31398.18249,19416.17353
4000,10,11648.45085,2071.793468,31013.83643,19131.56299
4000,10,12066.60248,2540.768797,31665.87751,18815.43406
4000,10,11962.92717,2233.233166,31810.16984,18476.11548
4000,10,11862.55152,2195.713065,31962.35742,18849.76036
4000,10,11487.56628,2158.763991,30881.33778,18866.70362
4000,10,11994.96414,2056.259065,32577.67713,19099.0894
4000,10,12232.14488,2624.091635,31867.78705,18397.45053
4000,10,12507.92235,2437.082678,32010.57617,17975.84847
4000,10,11484.66291,2104.308428,32237.79164,18650.59665
4000,10,11714.74314,2425.089952,31929.36444,17968.13722
4000,10,11746.75409,2188.361216,31423.59081,18177.16404
4000,10,11565.41715,2051.925634,30586.21865,17546.63125
4000,10,12252.71798,2384.279639,31232.56823,17514.50398
4000,20,18651.74315,4473.218372,41971.80162,32911.91499
4000,20,19166.45542,5153.42509,41326.30658,33037.95211
4000,20,19154.86715,4667.407958,40686.94504,31791.47065
4000,20,19615.10591,4748.827206,40778.35647,31885.79357
4000,20,18184.60603,4389.519417,41234.01896,31001.0718
4000,20,20734.44211,5537.881043,42770.20221,32013.10073
4000,20,19004.87846,4938.38237,40479.04555,30577.10634
4000,20,19241.52718,5084.903987,42922.13035,30626.75892
4000,20,20341.65653,5707.282281,40906.70134,30111.73562
4000,20,22543.81039,6167.110088,43151.29755,31517.43228
4000,20,20267.01921,5725.493796,43442.14267,30543.18729
4000,20,19847.87373,5480.929352,40942.28545,30206.9638
4000,20,19488.42947,5221.066206,42351.00026,30252.94073
4000,20,19854.51578,5187.970674,41821.47685,28358.07842
4000,20,19721.39473,5221.703055,42378.45967,29158.50235
4000,20,21077.49108,6044.28015,41939.37048,27891.05977
4000,20,20082.0358,5345.627764,42185.94781,28192.2939
4000,20,19502.61617,4543.06717,41709.55813,28780.33299
4000,20,20920.41919,5532.543973,40025.01962,28535.14281
4000,20,21199.40192,5588.09009,42432.49889,29358.64504
4000,20,20523.86972,5113.813119,42324.53008,28990.47172
4000,20,19399.28109,5149.254265,43248.04119,27828.55973
4000,20,20456.75815,5117.020492,41763.79219,27444.28506
4000,20,20436.31496,5285.89186,42038.54467,28029.04869
4000,20,18247.56983,4438.915373,41898.14851,27773.9603
4000,20,19366.17125,4730.330305,41766.18733,28701.31871
4000,20,21215.00796,5449.090078,41420.17831,27360.61187
4000,20,20442.44581,5441.244073,40631.02304,27383.82473
4000,20,21487.20344,6025.405402,41939.7869,27713.5022
4000,20,20312.67882,5599.789483,41915.28734,27106.55316
3000,7.5,6534.135832,226.5543524,26407.03595,3635.358092
3000,7.5,6408.819742,235.0875294,26337.73716,3344.83032
3000,7.5,6521.423937,224.8420114,26627.35135,3545.397431
3000,7.5,6509.885654,144.8755211,26936.12797,3700.94466
3000,7.5,6400.506786,238.4775386,26198.49956,3562.168306
3000,7.5,6575.953867,212.655379,26197.17431,3284.873612
3000,7.5,6598.06817,150.8621585,26791.25532,3424.38584
3000,7.5,6781.758895,222.6064399,26599.72952,3586.370649
3000,7.5,6795.17675,221.5594063,27025.12338,3266.586549
3000,7.5,6702.897806,240.3718378,26158.69054,3190.077663
3000,15,8470.136826,735.1814566,35880.22855,5211.437957
3000,15,8348.715985,574.2269845,36351.75602,5184.813836
3000,15,8454.71122,773.6735949,36655.13166,5318.844776
3000,15,8549.292549,801.0898831,37637.782,5415.665016
3000,15,8601.831142,791.3616521,35901.02668,5227.566318
3000,15,8376.922661,728.3644569,37156.10128,5443.005742
3000,15,8202.882164,780.6507963,36940.38238,5491.745104
3000,15,8719.340133,683.3327844,38043.75345,5640.802211
3000,15,8793.32319,892.3726728,37300.8367,5454.044866
3000,15,8908.150654,909.5697363,36386.38787,5286.84603
3250,7.5,7268.966435,324.4102991,23138.10856,3110.660084
3250,7.5,7396.192024,275.6195095,23537.7246,3200.6727
3250,7.5,7466.662087,358.0514612,23735.11079,3196.316239
3250,7.5,7464.208491,355.526722,24085.36834,3201.585577
3250,7.5,7383.593288,338.2633076,24029.85123,3472.640292
3250,7.5,7680.754795,320.4079527,23864.84571,3129.229723
3250,7.5,7707.867495,317.1498836,23799.12309,3268.543504
3250,7.5,7403.584409,368.3065678,24527.7054,3301.976747
3250,7.5,7433.646549,280.0199728,24073.72449,3453.027616
3250,7.5,7603.559455,292.3530938,25609.7352,3004.38827
3250,15,9638.867133,1203.434694,32395.35705,4997.474493
3250,15,9882.371462,1353.186335,24819.0611,3664.050503
3250,15,10533.34307,2122.681055,19007.52332,2815.265739
3250,15,9992.255594,1529.428549,28473.53289,4393.064311
3250,15,10353.8581,1785.476006,19312.68858,2803.844337
3250,15,11069.27233,2188.272418,20612.02282,2947.350068
3250,15,11332.33205,2280.87408,20389.89256,2982.690137
3250,15,11522.28117,2419.768099,19072.23494,2700.273261
3250,15,11666.6358,2431.108655,19752.46727,2572.077789
3250,15,11523.5421,2325.699613,18218.23569,2424.853428
3500,7.5,8931.144533,928.7148286,13900.85859,1768.274625
3500,7.5,8945.043613,1025.594948,12316.11269,1752.695515
3500,7.5,8970.670326,1115.896869,11948.48544,1503.095681
3500,7.5,9085.288069,1068.63871,11734.11008,1588.281583
3500,7.5,8990.792752,1150.055337,11395.24602,1529.860961
3500,7.5,9119.222987,1156.630348,11586.80147,1703.537326
3500,7.5,9510.172411,1273.649622,10932.48799,1505.851471
3500,7.5,9245.711349,1210.127744,10877.65522,1529.809112
3500,7.5,8916.911267,1060.27961,10459.17857,1403.745095
3500,7.5,8901.574398,1137.905715,10236.25346,1272.232297
3500,15,12915.38484,2580.422484,19464.81294,2885.317868
3500,15,12487.26418,2605.984074,18365.29727,2583.069591
3500,15,13662.79068,2966.819665,19758.82079,2665.705719
3500,15,13274.07365,2825.610661,20882.79386,2937.044059
3500,15,13991.94092,3055.880924,21034.43108,3395.082946
3500,15,13571.87344,2961.09236,19957.31241,2941.922971
3500,15,13752.02512,3069.943092,19835.01682,2881.370456
3500,15,13775.48775,3152.813813,20048.52109,3007.576567
3500,15,13684.42098,3127.177684,20043.78645,2803.147252
3500,15,12827.77018,2770.910905,19896.36061,2807.3114
3750,7.5,9777.433682,1269.656071,9920.927856,1492.642484
3750,7.5,9887.67657,1291.363315,10306.61255,1590.684908
3750,7.5,10044.19913,1322.7957,9863.253715,1452.400923
3750,7.5,10010.24406,1323.130878,10311.57545,1573.450461
3750,7.5,9643.029484,1222.564224,10196.84912,1491.740031
3750,7.5,9680.049933,1334.913382,10176.6219,1644.708106
3750,7.5,9396.764772,1306.708136,9976.251484,1566.173796
3750,7.5,9936.248598,1285.304928,9879.553855,1474.655481
3750,7.5,9784.600374,1348.195818,10108.26612,1551.784936
3750,7.5,10272.28945,1530.666284,10333.39737,1446.8467
3750,15,13488.54111,2928.941597,19311.4907,2800.73318
3750,15,13666.0639,3067.876833,20676.7646,3069.140673
3750,15,13711.71541,3133.39125,20297.26486,3120.788226
3750,15,13711.30969,3269.845038,20753.7701,2949.403333
3750,15,14018.81082,3133.773628,19856.73199,2887.114514
3750,15,13897.17075,3193.543062,20736.81837,2725.571927
3750,15,14591.55396,3652.573117,22058.73071,2889.514352
3750,15,13942.50656,3148.83491,21221.33646,2899.826841
3750,15,14285.14343,3311.495852,21716.65149,2902.35634
3750,15,14331.58738,3367.651479,21119.30626,2826.254631
4000,7.5,9710.455236,1344.040888,11115.23818,1567.038669
4000,7.5,9783.817979,1259.613455,11083.01819,1465.04396
4000,7.5,9827.657919,1468.656471,11693.54039,1708.844143
4000,7.5,10010.65343,1418.949063,12254.2508,1690.239005
4000,7.5,10462.40807,1615.225212,12662.59083,1971.825823
4000,7.5,10007.95631,1548.758292,12545.05218,1593.044915
4000,7.5,10010.42401,1414.193003,12176.68396,1640.225017
4000,7.5,9997.028191,1551.730982,12131.095,1735.027219
4000,7.5,10292.04998,1613.46026,12606.64653,1589.052566
4000,7.5,10307.59555,1528.841744,14040.97203,2044.635945
4000,15,14633.05881,2865.448597,21414.07599,2897.381931
4000,15,14518.61859,2963.95465,21291.45799,2925.896088
4000,15,14860.21887,3301.722737,22697.64889,3174.540923
4000,15,14479.28311,2999.532701,22679.47267,3264.023571
4000,15,15402.60174,3365.896967,22691.76533,3330.441228
4000,15,14994.66391,3299.776342,22584.2242,3185.27746
4000,15,15304.39038,3253.726778,23313.79078,3310.038815
4000,15,15335.24225,3361.45178,22777.42761,3424.153817
4000,15,14931.88472,3539.254436,23025.63098,3120.539161
4000,15,15922.43474,4028.00157,24837.42505,3175.385431
